country,country_code_x,region,income_level,capital_city,latitude,longitude,country_code_y,inflation_year,inflation_annual_pct,cost_living_index,rent_index,groceries_index,restaurants_index,purchasing_power_index,bread_price_usd,transport_oneway_usd,transport_monthly_pass_usd,rent_monthly_usd,utilities_monthly_usd
Aruba,,Latin America & Caribbean ,High income,Oranjestad,12.5167,-70.0167,,,,,,,,,,,,,
Afghanistan,,"Middle East, North Africa, Afghanistan & Pakistan",Low income,Kabul,34.5228,69.1761,AFG,2024.0,-6.60118564073726,38.2,8.2,36.8,36.9,48.5,0.88,1.05,12.8,85.0,20.0
Angola,,Sub-Saharan Africa ,Lower middle income,Luanda,-8.81155,13.242,AGO,2024.0,28.2404948915772,,,,,,,,,,
Albania,,Europe & Central Asia,Upper middle income,Tirane,41.3317,19.8172,ALB,2024.0,2.21587375089992,,,,,,,,,,
Andorra,,Europe & Central Asia,High income,Andorra la Vella,42.5075,1.5218,,,,,,,,,,,,,
United Arab Emirates,,"Middle East, North Africa, Afghanistan & Pakistan",High income,Abu Dhabi,24.4764,54.3705,ARE,2024.0,1.66336510224894,72.4,34.2,68.5,70.8,96.2,,,,1100.0,
Argentina,,Latin America & Caribbean ,Upper middle income,Buenos Aires,-34.6118,-58.4173,ARG,2024.0,219.883929014578,,,,,,,,,,
Armenia,,Europe & Central Asia,Upper middle income,Yerevan,40.1596,44.509,ARM,2024.0,0.269511978259125,,,,,,,,,,
American Samoa,,East Asia & Pacific,High income,Pago Pago,-14.2846,-170.691,,,,,,,,,,,,,
Antigua and Barbuda,,Latin America & Caribbean ,High income,Saint John's,17.1175,-61.8456,ATG,2024.0,6.19886698842116,,,,,,,,,,
Australia,,East Asia & Pacific,High income,Canberra,-35.282,149.129,AUS,2024.0,3.16656665428797,69.5,32.8,65.4,68.9,95.6,3.25,,,1450.0,140.0
Austria,,Europe & Central Asia,High income,Vienna,48.2201,16.3798,AUT,2024.0,2.93791574279376,,,,,,,,,,
Azerbaijan,,Europe & Central Asia,Upper middle income,Baku,40.3834,49.8932,AZE,2024.0,2.21217188919901,,,,,,0.46,,,,
Burundi,,Sub-Saharan Africa ,Low income,Bujumbura,-3.3784,29.3639,BDI,2024.0,20.2124925027847,,,,,,,,,,
Belgium,,Europe & Central Asia,High income,Brussels,50.8371,4.36761,BEL,2024.0,3.14349136500041,,,,,,,,,,
Benin,,Sub-Saharan Africa ,Lower middle income,Porto-Novo,6.4779,2.6323,BEN,2024.0,1.16093089640415,,,,,,,,,,
Burkina Faso,,Sub-Saharan Africa ,Low income,Ouagadougou,12.3605,-1.53395,BFA,2024.0,4.19081721344523,,,,,,,,,,
Bangladesh,,South Asia,Lower middle income,Dhaka,23.7055,90.4113,BGD,2024.0,10.4657482763412,39.5,8.8,38.1,38.2,50.8,0.95,1.18,14.5,100.0,25.0
Bulgaria,,Europe & Central Asia,High income,Sofia,42.7105,23.3238,BGR,2024.0,2.44651943006079,,,,,,,,,,
Bahrain,,"Middle East, North Africa, Afghanistan & Pakistan",High income,Manama,26.1921,50.5354,BHR,2024.0,0.919635459817651,65.2,26.1,61.8,63.5,86.2,,,,600.0,
"Bahamas, The",,Latin America & Caribbean ,High income,Nassau,25.0661,-77.339,BHS,2024.0,0.409162489083286,,,,,,,,,,
Bosnia and Herzegovina,,Europe & Central Asia,Upper middle income,Sarajevo,43.8607,18.4214,BIH,2023.0,6.1059011284828,,,,,,,,,,
Belarus,,Europe & Central Asia,Upper middle income,Minsk,53.9678,27.5766,BLR,2024.0,5.78531910428005,,,,,,,,,,
Belize,,Latin America & Caribbean ,Upper middle income,Belmopan,17.2534,-88.7713,BLZ,2024.0,3.28955985952768,,,,,,,,,,
Bermuda,,North America,High income,Hamilton,32.3293,-64.706,,,,,,,,,8.61,,,,
Bolivia,,Latin America & Caribbean ,Lower middle income,La Paz,-13.9908,-66.1936,BOL,2024.0,5.09976568317427,,,,,,,,,,
Brazil,,Latin America & Caribbean ,Upper middle income,Brasilia,-15.7801,-47.9292,BRA,2024.0,4.36746407652337,51.4,15.9,49.2,50.1,67.5,1.85,2.85,52.4,270.0,70.0
Barbados,,Latin America & Caribbean ,High income,Bridgetown,13.0935,-59.6105,BRB,2024.0,1.4464366430616,75.2,41.8,70.8,73.2,88.5,,,,1200.0,
Brunei Darussalam,,East Asia & Pacific,High income,Bandar Seri Begawan,4.94199,114.946,BRN,2024.0,-0.388674165036461,,,,,,,,,,
Bhutan,,South Asia,Lower middle income,Thimphu,27.5768,89.6177,BTN,2024.0,2.76131569624098,,,,,,,,,,
Botswana,,Sub-Saharan Africa ,Upper middle income,Gaborone,-24.6544,25.9201,BWA,2024.0,2.81835131676251,,,,,,,,,,
Central African Republic,,Sub-Saharan Africa ,Low income,Bangui,5.63056,21.6407,CAF,2024.0,1.47733600718744,,,,,,,,,,
Canada,,North America,High income,Ottawa,45.4215,-75.6919,CAN,2024.0,2.38158383281173,65.4,28.4,61.5,64.2,92.1,3.18,,,1200.0,145.0
Switzerland,,Europe & Central Asia,High income,Bern,46.948,7.44821,CHE,2024.0,1.06234041976595,82.3,50.1,75.2,88.4,120.5,3.81,6.36,149.7,1850.0,220.0
Channel Islands,,Europe & Central Asia,High income,,,,,,,,,,,,,,,,
Chile,,Latin America & Caribbean ,High income,Santiago,-33.475,-70.6475,CHL,2024.0,4.29763891572524,,,,,,,,,,
China,,East Asia & Pacific,Upper middle income,Beijing,40.0495,116.286,CHN,2024.0,0.218128938439177,49.8,14.8,47.8,48.5,64.2,1.65,2.45,42.8,540.0,80.0
Cote d'Ivoire,,Sub-Saharan Africa ,Lower middle income,Yamoussoukro,5.332,-4.0305,CIV,2024.0,3.45053028131019,,,,,,,,,,
Cameroon,,Sub-Saharan Africa ,Lower middle income,Yaounde,3.8721,11.5174,CMR,2024.0,4.53331349711606,,,,,,,,,,
"Congo, Dem. Rep.",,Sub-Saharan Africa ,Low income,Kinshasa,-4.325,15.3222,,,,,,,,,,,,,
"Congo, Rep.",,Sub-Saharan Africa ,Lower middle income,Brazzaville,-4.2767,15.2662,COG,2024.0,3.09143630919166,,,,,,,,,,
Colombia,,Latin America & Caribbean ,Upper middle income,Bogota,4.60987,-74.082,COL,2024.0,6.60908593728228,,,,,,,,,,
Comoros,,Sub-Saharan Africa ,Lower middle income,Moroni,-11.6986,43.2418,COM,2024.0,5.05192609588218,,,,,,,,,,
Cabo Verde,,Sub-Saharan Africa ,Upper middle income,Praia,14.9218,-23.5087,CPV,2024.0,1.04817001091965,,,,,,,,,,
Costa Rica,,Latin America & Caribbean ,High income,San Jose,9.63701,-84.0089,CRI,2024.0,-0.412853001047069,,,,,,,,,,
Cuba,,Latin America & Caribbean ,Upper middle income,Havana,23.1333,-82.3667,,,,,,,,,,,,,
Curacao,,Latin America & Caribbean ,High income,Willemstad,,,,,,,,,,,,,,,
Cayman Islands,,Latin America & Caribbean ,High income,George Town,19.3022,-81.3857,,,,94.3,60.2,85.6,92.1,115.8,6.36,,,2500.0,
Cyprus,,Europe & Central Asia,High income,Nicosia,35.1676,33.3736,CYP,2024.0,1.80023018624824,,,,,,,,,,
Czechia,,Europe & Central Asia,High income,Prague,50.0878,14.4205,CZE,2024.0,2.43531202435314,,,,,,,,,,
Germany,,Europe & Central Asia,High income,Berlin,52.5235,13.4115,DEU,2024.0,2.2564981433876,64.1,26.5,59.7,62.8,91.3,2.72,4.85,112.3,850.0,170.0
Djibouti,,"Middle East, North Africa, Afghanistan & Pakistan",Lower middle income,Djibouti,11.5806,43.1425,DJI,2024.0,2.1120116728497,,,,,,9.53,,,,
Dominica,,Latin America & Caribbean ,Upper middle income,Roseau,15.2976,-61.39,DMA,2024.0,2.73620751873313,,,,,,,,,,
Denmark,,Europe & Central Asia,High income,Copenhagen,55.6763,12.5681,DNK,2024.0,1.37220049768926,72.1,36.4,67.2,75.3,102.8,3.48,5.42,128.5,,
Dominican Republic,,Latin America & Caribbean ,Upper middle income,Santo Domingo,18.479,-69.8908,DOM,2024.0,3.30223338951227,,,,,,,,,,
Algeria,,"Middle East, North Africa, Afghanistan & Pakistan",Upper middle income,Algiers,36.7397,3.05097,DZA,2024.0,4.04611455313434,,,,,,,,,,
Ecuador,,Latin America & Caribbean ,Upper middle income,Quito,-0.229498,-78.5243,ECU,2024.0,1.54732515615369,,,,,,,,,,
"Egypt, Arab Rep.",,"Middle East, North Africa, Afghanistan & Pakistan",Lower middle income,Cairo,30.0982,31.2461,EGY,2024.0,28.2705899322083,,,,,,,,,,
Eritrea,,Sub-Saharan Africa ,Low income,Asmara,15.3315,38.9183,,,,,,,,,,,,,
Spain,,Europe & Central Asia,High income,Madrid,40.4167,-3.70327,ESP,2024.0,2.747147886618,60.8,22.4,56.8,58.9,82.1,2.58,4.08,92.6,480.0,95.0
Estonia,,Europe & Central Asia,High income,Tallinn,59.4392,24.7586,EST,2024.0,3.5194118998392,,,,,,,,,,
Ethiopia,,Sub-Saharan Africa ,Low income,Addis Ababa,9.02274,38.7468,ETH,2024.0,21.0377460577711,,,,,,,,,,
Finland,,Europe & Central Asia,High income,Helsinki,60.1608,24.9525,FIN,2024.0,1.56568906231616,,,,,,,5.12,118.6,,
Fiji,,East Asia & Pacific,Upper middle income,Suva,-18.1149,178.399,FJI,2024.0,3.89084237884105,,,,,,,,,,
France,,Europe & Central Asia,High income,Paris,48.8566,2.35097,FRA,2024.0,1.99904942291463,64.8,27.9,60.8,63.5,89.7,2.78,4.62,108.4,738.0,155.0
Faroe Islands,,Europe & Central Asia,High income,Torshavn,61.8926,-6.91181,,,,,,,,,,,,,
"Micronesia, Fed. Sts.",,East Asia & Pacific,Upper middle income,Palikir,6.91771,158.185,FSM,2022.0,5.40874375479067,,,,,,,,,,
Gabon,,Sub-Saharan Africa ,Upper middle income,Libreville,0.38832,9.45162,GAB,2024.0,1.17311998381218,,,,,,,,,,
United Kingdom,,Europe & Central Asia,High income,London,51.5002,-0.126236,GBR,2024.0,3.2715729463592,67.8,30.5,63.2,66.7,90.2,3.12,4.48,105.2,1235.0,160.0
Georgia,,Europe & Central Asia,Upper middle income,Tbilisi,41.71,44.793,GEO,2024.0,1.10971758022096,,,,,,,,,,
Ghana,,Sub-Saharan Africa ,Lower middle income,Accra,5.57045,-0.20795,GHA,2024.0,22.8483281157842,,,,,,,,,,
Gibraltar,,Europe & Central Asia,High income,,,,,,,,,,,,,,,,
Guinea,,Sub-Saharan Africa ,Lower middle income,Conakry,9.51667,-13.7,GIN,2024.0,8.12313914948596,,,,,,,,,,
"Gambia, The",,Sub-Saharan Africa ,Low income,Banjul,13.4495,-16.5885,GMB,2024.0,11.5610532897511,,,,,,,,,,
Guinea-Bissau,,Sub-Saharan Africa ,Low income,Bissau,11.8037,-15.1804,GNB,2024.0,3.76555825770114,,,,,,,,,,
Equatorial Guinea,,Sub-Saharan Africa ,Upper middle income,Malabo,3.7523,8.7741,GNQ,2024.0,2.92140227309103,,,,,,,,,,
Greece,,Europe & Central Asia,High income,Athens,37.9792,23.7166,GRC,2024.0,2.74101875679486,57.1,19.2,53.8,55.1,76.4,2.38,3.62,78.2,380.0,75.0
Grenada,,Latin America & Caribbean ,Upper middle income,Saint George's,12.0653,-61.7449,GRD,2024.0,1.08615365134737,,,,,,,,,,
Greenland,,Europe & Central Asia,High income,Nuuk,64.1836,-51.7214,,,,,,,,,,,,,
Guatemala,,Latin America & Caribbean ,Upper middle income,Guatemala City,14.6248,-90.5328,GTM,2024.0,2.86992752918294,,,,,,,,,,
Guam,,East Asia & Pacific,High income,Agana,13.4443,144.794,,,,,,,,,,,,,
Guyana,,Latin America & Caribbean ,High income,Georgetown,6.80461,-58.1548,GUY,2024.0,2.90379501424778,,,,,,,,,,
"Hong Kong SAR, China",,East Asia & Pacific,High income,,22.3964,114.109,HKG,2024.0,1.72972119105914,,,,,,,,,,
Honduras,,Latin America & Caribbean ,Lower middle income,Tegucigalpa,15.1333,-87.4667,HND,2024.0,4.60621098127101,,,,,,,,,,
Croatia,,Europe & Central Asia,High income,Zagreb,45.8069,15.9614,HRV,2024.0,2.97200477643626,,,,,,,,,,
Haiti,,Latin America & Caribbean ,Lower middle income,Port-au-Prince,18.5392,-72.3288,HTI,2024.0,26.9490564091987,,,,,,,,,,
Hungary,,Europe & Central Asia,High income,Budapest,47.4984,19.0408,HUN,2024.0,3.70370370370369,,,,,,,,,,
Indonesia,,East Asia & Pacific,Upper middle income,Jakarta,-6.19752,106.83,IDN,2024.0,2.18151273615189,47.2,12.8,45.1,45.8,60.8,1.45,2.05,32.4,305.0,55.0
Isle of Man,,Europe & Central Asia,High income,Douglas,54.1509,-4.47928,,,,,,,,,,,,,
India,,South Asia,Lower middle income,New Delhi,28.6353,77.225,IND,2024.0,4.95303550973661,48.5,13.5,46.2,47.1,62.5,1.52,2.18,35.2,164.0,45.0
Ireland,,Europe & Central Asia,High income,Dublin,53.3441,-6.26749,IRL,2024.0,2.11344999577317,68.9,40.2,64.7,70.1,92.4,,,,,
"Iran, Islamic Rep.",,"Middle East, North Africa, Afghanistan & Pakistan",Upper middle income,Tehran,35.6878,51.4447,IRN,2024.0,32.455871402917,,,,,,,,,,
Iraq,,"Middle East, North Africa, Afghanistan & Pakistan",Upper middle income,Baghdad,33.3302,44.394,IRQ,2024.0,2.6116961151764,,,,,,,,,,
Iceland,,Europe & Central Asia,High income,Reykjavik,64.1353,-21.8952,ISL,2024.0,5.85683849970072,78.2,45.6,72.3,82.1,98.7,4.26,7.94,131.85,,
Israel,,"Middle East, North Africa, Afghanistan & Pakistan",High income,,31.7717,35.2035,ISR,2024.0,3.07480889805025,,,,,,,,,,
Italy,,Europe & Central Asia,High income,Rome,41.8955,12.4823,ITA,2024.0,0.982373023061417,62.5,23.7,58.2,60.5,83.6,2.65,4.25,98.5,550.0,110.0
Jamaica,,Latin America & Caribbean ,Upper middle income,Kingston,17.9927,-76.792,JAM,2024.0,5.41194447981659,,,,,,,,,,
Jordan,,"Middle East, North Africa, Afghanistan & Pakistan",Upper middle income,Amman,31.9497,35.9263,JOR,2024.0,1.55659611283953,,,,,,,,,,
Japan,,East Asia & Pacific,High income,Tokyo,35.67,139.77,JPN,2024.0,2.73853681635241,63.2,24.8,58.9,61.2,85.4,2.85,,,750.0,130.0
Kazakhstan,,Europe & Central Asia,Upper middle income,Astana,51.1879,71.4382,KAZ,2024.0,8.69082156104494,,,,,,0.44,,,,
Kenya,,Sub-Saharan Africa ,Lower middle income,Nairobi,-1.27975,36.8126,KEN,2024.0,4.48978854243448,,,,,,,,,,
Kyrgyz Republic,,Europe & Central Asia,Lower middle income,Bishkek,42.8851,74.6057,KGZ,2024.0,4.99760701207323,,,,,,,,,,
Cambodia,,East Asia & Pacific,Lower middle income,Phnom Penh,11.5556,104.874,KHM,2024.0,0.808042016536654,50.2,14.5,48.2,48.5,65.2,,,,160.0,
Kiribati,,East Asia & Pacific,Lower middle income,Tarawa,1.32905,172.979,KIR,2024.0,2.45545072159028,,,,,,,,,,
St. Kitts and Nevis,,Latin America & Caribbean ,High income,Basseterre,17.3,-62.7309,KNA,2023.0,3.55711230848243,,,,,,,,,,
"Korea, Rep.",,East Asia & Pacific,High income,Seoul,37.5323,126.957,KOR,2024.0,2.32174328643542,,,,,,,,,,
Kuwait,,"Middle East, North Africa, Afghanistan & Pakistan",High income,Kuwait City,29.3721,47.9824,KWT,2024.0,2.89855072463762,67.5,27.8,63.8,65.2,88.2,,,,680.0,
Lao PDR,,East Asia & Pacific,Lower middle income,Vientiane,18.5826,102.177,LAO,2024.0,23.1305695942588,,,,,,,,,,
Lebanon,,"Middle East, North Africa, Afghanistan & Pakistan",Lower middle income,Beirut,33.8872,35.5134,LBN,2024.0,45.2430422716718,,,,,,,,,,
Liberia,,Sub-Saharan Africa ,Low income,Monrovia,6.30039,-10.7957,LBR,2024.0,8.21497439118964,,,,,,,,,,
Libya,,"Middle East, North Africa, Afghanistan & Pakistan",Upper middle income,Tripoli,32.8578,13.1072,LBY,2024.0,2.12615766885021,,,,,,,,,,
St. Lucia,,Latin America & Caribbean ,Upper middle income,Castries,14,-60.9832,LCA,2024.0,-0.674240853418779,,,,,,,,,,
Liechtenstein,,Europe & Central Asia,High income,Vaduz,47.1411,9.52148,,,,,,,,,,,,,
Sri Lanka,,South Asia,Upper middle income,Colombo,6.92148,79.8528,LKA,2024.0,-0.42936004906973,53.8,17.2,50.8,51.5,70.2,,0.27,9.93,200.0,
Lesotho,,Sub-Saharan Africa ,Lower middle income,Maseru,-29.5208,27.7167,LSO,2024.0,6.10544624245032,,,,,,,,,,
Lithuania,,Europe & Central Asia,High income,Vilnius,54.6896,25.2799,LTU,2024.0,0.715735835228723,,,,,,,,,,
Luxembourg,,Europe & Central Asia,High income,Luxembourg,49.61,6.1296,LUX,2024.0,2.05113269954859,,,,,,,,,,
Latvia,,Europe & Central Asia,High income,Riga,56.9465,24.1048,LVA,2024.0,1.26579885828729,,,,,,,,,,
"Macao SAR, China",,East Asia & Pacific,High income,,22.1667,113.55,MAC,2024.0,0.672498598854365,,,,,,,,,,
St. Martin (French part),,Latin America & Caribbean ,High income,Marigot,,,,,,,,,,,,,,,
Morocco,,"Middle East, North Africa, Afghanistan & Pakistan",Lower middle income,Rabat,33.9905,-6.8704,MAR,2024.0,0.985256592004507,,,,,,,,,,
Monaco,,Europe & Central Asia,High income,Monaco,43.7325,7.41891,,,,,,,,,5.37,,,,
Moldova,,Europe & Central Asia,Upper middle income,Chisinau,47.0167,28.8497,MDA,2024.0,4.67773516007048,,,,,,,,,,
Madagascar,,Sub-Saharan Africa ,Low income,Antananarivo,-20.4667,45.7167,MDG,2024.0,7.61335784313723,,,,,,,,,,
Maldives,,South Asia,Upper middle income,Male,4.1742,73.5109,MDV,2024.0,1.41093527910134,,,,,,,,,,
Mexico,,Latin America & Caribbean ,Upper middle income,Mexico City,19.427,-99.1276,MEX,2024.0,4.72225588452932,52.8,16.8,50.1,51.2,69.8,1.98,3.05,58.2,350.0,55.0
Marshall Islands,,East Asia & Pacific,Upper middle income,Majuro,7.11046,171.135,,,,,,,,,,,,,
North Macedonia,,Europe & Central Asia,Upper middle income,Skopje,42.0024,21.4361,MKD,2024.0,3.48974086026954,,,,,,,,,,
Mali,,Sub-Saharan Africa ,Low income,Bamako,13.5667,-7.50034,MLI,2024.0,3.2063986409966,,,,,,,,,,
Malta,,"Middle East, North Africa, Afghanistan & Pakistan",High income,Valletta,35.9042,14.5189,MLT,2024.0,1.65079469283109,,,,,,,,,,
Myanmar,,East Asia & Pacific,Lower middle income,Naypyidaw,21.914,95.9562,,,,48.8,13.2,46.8,46.9,62.8,,,,140.0,
Montenegro,,Europe & Central Asia,Upper middle income,Podgorica,42.4602,19.2595,MNE,2024.0,3.33675009282281,,,,,,,,,,
Mongolia,,East Asia & Pacific,Upper middle income,Ulaanbaatar,47.9129,106.937,MNG,2024.0,6.1977990165842,47.5,12.5,45.5,45.8,60.5,,,,,
Northern Mariana Islands,,East Asia & Pacific,High income,Saipan,15.1935,145.765,,,,,,,,,,,,,
Mozambique,,Sub-Saharan Africa ,Low income,Maputo,-25.9664,32.5713,MOZ,2024.0,4.07856834812022,,,,,,,,,,
Mauritania,,Sub-Saharan Africa ,Lower middle income,Nouakchott,18.2367,-15.9824,MRT,2024.0,2.49164347481972,,,,,,,,,,
Mauritius,,Sub-Saharan Africa ,Upper middle income,Port Louis,-20.1605,57.4977,MUS,2024.0,3.6045220384796,,,,,,,,,,
Malawi,,Sub-Saharan Africa ,Low income,Lilongwe,-13.9899,33.7703,MWI,2024.0,32.1796504225025,,,,,,,,,,
Malaysia,,East Asia & Pacific,Upper middle income,Kuala Lumpur,3.12433,101.684,MYS,2024.0,1.834100204499,56.8,19.5,53.8,54.8,75.2,,,,380.0,
Namibia,,Sub-Saharan Africa ,Lower middle income,Windhoek,-22.5648,17.0931,NAM,2024.0,4.23903922877036,,,,,,,,,,
New Caledonia,,East Asia & Pacific,High income,Noum'ea,-22.2677,166.464,,,,,,,,,,,,,
Niger,,Sub-Saharan Africa ,Low income,Niamey,13.514,2.1073,NER,2024.0,9.07151997725013,,,,,,,,,,
Nigeria,,Sub-Saharan Africa ,Lower middle income,Abuja,9.05804,7.48906,NGA,2024.0,33.2416590552749,40.8,9.5,39.2,39.5,52.5,1.05,1.32,16.2,180.0,40.0
Nicaragua,,Latin America & Caribbean ,Lower middle income,Managua,12.1475,-86.2734,NIC,2024.0,4.62473841057141,,,,,,,0.21,9.02,,
Netherlands,,Europe & Central Asia,High income,Amsterdam,52.3738,4.89095,NLD,2024.0,3.34754304219953,,,,,,,5.67,139.68,,
Norway,,Europe & Central Asia,High income,Oslo,59.9138,10.7387,NOR,2024.0,3.14530134431081,73.8,38.9,69.8,78.5,105.3,3.52,6.54,145.2,,
Nepal,,South Asia,Lower middle income,Kathmandu,27.6939,85.3157,NPL,2024.0,4.6850965426577,51.5,15.8,49.2,49.8,67.8,,,,150.0,
Naoero,,East Asia & Pacific,High income,Yaren District,-0.5477,166.920867,,,,,,,,,,,,,
New Zealand,,East Asia & Pacific,High income,Wellington,-41.2865,174.776,NZL,2024.0,2.92279782301957,66.2,29.8,62.8,65.3,88.5,,,,,
Oman,,"Middle East, North Africa, Afghanistan & Pakistan",High income,Muscat,23.6105,58.5874,OMN,2024.0,0.593589236248469,64.8,25.2,61.2,62.8,85.6,,,,550.0,
Pakistan,,"Middle East, North Africa, Afghanistan & Pakistan",Lower middle income,Islamabad,30.5167,72.8,PAK,2024.0,12.6325318530452,43.2,10.8,41.8,41.9,55.8,1.18,1.52,20.8,120.0,30.0
Panama,,Latin America & Caribbean ,High income,Panama City,8.99427,-79.5188,PAN,2024.0,0.69322555100446,,,,,,,,,,
Peru,,Latin America & Caribbean ,Upper middle income,Lima,-12.0931,-77.0465,PER,2024.0,2.00770739412712,,,,,,,,,,
Philippines,,East Asia & Pacific,Upper middle income,Manila,14.5515,121.035,PHL,2024.0,3.21260487006347,46.1,12.2,44.2,44.5,59.2,1.38,1.92,28.5,280.0,48.0
Palau,,East Asia & Pacific,High income,Koror,7.34194,134.479,PLW,2024.0,2.23172772921704,,,,,,,,,,
Papua New Guinea,,East Asia & Pacific,Lower middle income,Port Moresby,-9.47357,147.194,PNG,2024.0,0.602403921107917,,,,,,,,,,
Poland,,Europe & Central Asia,High income,Warsaw,52.26,21.02,POL,2024.0,3.79060897630197,55.8,18.6,52.4,53.8,74.2,2.25,3.45,72.5,450.0,85.0
Puerto Rico (US),,Latin America & Caribbean ,High income,San Juan,18.23,-66,,,,,,,,,,,,,
"Korea, Dem. People's Rep.",,East Asia & Pacific,Low income,Pyongyang,39.0319,125.754,,,,,,,,,,,,,
Portugal,,Europe & Central Asia,High income,Lisbon,38.7072,-9.13552,PRT,2024.0,2.41613187791876,58.2,20.5,54.7,56.2,78.9,2.45,3.85,85.4,420.0,80.0
Paraguay,,Latin America & Caribbean ,Upper middle income,Asuncion,-25.3005,-57.6362,PRY,2024.0,3.83540271728533,,,,,,,,,,
West Bank and Gaza,,"Middle East, North Africa, Afghanistan & Pakistan",Lower middle income,,,,PSE,2024.0,53.6691458303782,,,,,,,,,,
French Polynesia,,East Asia & Pacific,High income,Papeete,-17.535,-149.57,,,,,,,,,,,,,
Qatar,,"Middle East, North Africa, Afghanistan & Pakistan",High income,Doha,25.2948,51.5082,QAT,2024.0,1.26734310292375,70.8,31.5,66.2,68.5,92.8,,,,900.0,
Romania,,Europe & Central Asia,High income,Bucharest,44.4479,26.0979,ROU,2024.0,5.72140574354439,,,,,,,,,,
Russian Federation,,Europe & Central Asia,High income,Moscow,55.7558,37.6176,RUS,2024.0,8.43486410496723,,,,,,,,,,
Rwanda,,Sub-Saharan Africa ,Low income,Kigali,-1.95325,30.0587,RWA,2024.0,1.77029240198635,,,,,,,,,,
Saudi Arabia,,"Middle East, North Africa, Afghanistan & Pakistan",High income,Riyadh,24.6748,46.6977,SAU,2024.0,1.68792112375809,68.2,28.4,64.2,66.1,89.4,,,,750.0,
Sudan,,Sub-Saharan Africa ,Low income,Khartoum,15.5932,32.5363,SDN,2022.0,138.80846024176,,,,,,,,,,
Senegal,,Sub-Saharan Africa ,Lower middle income,Dakar,14.7247,-17.4734,SEN,2024.0,0.804503298792438,,,,,,,,,,
Singapore,,East Asia & Pacific,High income,Singapore,1.28941,103.85,SGP,2024.0,2.38951123595017,80.9,55.3,70.1,72.8,95.2,3.05,,,3167.0,180.0
Solomon Islands,,East Asia & Pacific,Lower middle income,Honiara,-9.42676,159.949,SLB,2024.0,4.32183948388033,,,,,,,,,,
Sierra Leone,,Sub-Saharan Africa ,Low income,Freetown,8.4821,-13.2134,SLE,2024.0,28.6337500014115,,,,,,,,,,
El Salvador,,Latin America & Caribbean ,Upper middle income,San Salvador,13.7034,-89.2073,SLV,2024.0,0.853782292567288,,,,,,,,,,
San Marino,,Europe & Central Asia,High income,San Marino,43.9322,12.4486,SMR,2024.0,1.24216507945569,,,,,,,,,,
"Somalia, Fed. Rep.",,Sub-Saharan Africa ,Low income,Mogadishu,2.07515,45.3254,,,,,,,,,,,,,
Serbia,,Europe & Central Asia,Upper middle income,Belgrade,44.8024,20.4656,SRB,2024.0,4.6705297488997,,,,,,,,,,
South Sudan,,Sub-Saharan Africa ,Low income,Juba,4.85,31.6,SSD,2024.0,91.4408220769046,,,,,,,,,,
Sao Tome and Principe,,Sub-Saharan Africa ,Lower middle income,Sao Tome,0.20618,6.6071,STP,2024.0,14.3519273571008,,,,,,,,,,
Suriname,,Latin America & Caribbean ,Upper middle income,Paramaribo,5.8232,-55.1679,SUR,2024.0,16.2296159130279,,,,,,,,,,
Slovak Republic,,Europe & Central Asia,High income,Bratislava,48.1484,17.1073,SVK,2024.0,2.75760909424279,,,,,,,,,,
Slovenia,,Europe & Central Asia,High income,Ljubljana,46.0546,14.5044,SVN,2024.0,1.96562656432505,,,,,,,,,,
Sweden,,Europe & Central Asia,High income,Stockholm,59.3327,18.0645,SWE,2024.0,2.83581658224034,,,,,,,5.28,122.4,,
Eswatini,,Sub-Saharan Africa ,Lower middle income,Mbabane,-26.5225,31.4659,,,,,,,,,,,,,
Sint Maarten (Dutch part),,Latin America & Caribbean ,High income,Philipsburg,,,,,,,,,,,,,,,
Seychelles,,Sub-Saharan Africa ,High income,Victoria,-4.6309,55.4466,SYC,2024.0,0.311726050919668,,,,,,,,,,
Syrian Arab Republic,,"Middle East, North Africa, Afghanistan & Pakistan",Low income,Damascus,33.5146,36.3119,,,,,,,,,,,,,
Turks and Caicos Islands,,Latin America & Caribbean ,High income,Grand Turk,21.4602778,-71.141389,,,,,,,,,,,,,
Chad,,Sub-Saharan Africa ,Low income,N'Djamena,12.1048,15.0445,TCD,2024.0,8.89950732263754,,,,,,0.36,,,,
Togo,,Sub-Saharan Africa ,Lower middle income,Lome,6.1228,1.2255,TGO,2024.0,2.86262074089801,,,,,,,,,,
Thailand,,East Asia & Pacific,Upper middle income,Bangkok,13.7308,100.521,THA,2024.0,0.398333333333422,55.2,18.2,52.4,53.2,72.8,,,,350.0,
Tajikistan,,Europe & Central Asia,Lower middle income,Dushanbe,38.5878,68.7864,,,,,,,,,,,,,
Turkmenistan,,Europe & Central Asia,Upper middle income,Ashgabat,37.9509,58.3794,,,,,,,,,,,,,
Timor-Leste,,East Asia & Pacific,Lower middle income,Dili,-8.56667,125.567,TLS,2024.0,2.06284153005468,,,,,,,,,,
Tonga,,East Asia & Pacific,Upper middle income,Nuku'alofa,-21.136,-175.216,TON,2024.0,3.18188924237472,,,,,,,,,,
Trinidad and Tobago,,Latin America & Caribbean ,High income,Port-of-Spain,10.6596,-61.4789,TTO,2024.0,0.526884625776839,,,,,,,,,,
Tunisia,,"Middle East, North Africa, Afghanistan & Pakistan",Lower middle income,Tunis,36.7899,10.21,TUN,2024.0,7.20661657168794,,,,,,,,,,
Turkiye,,Europe & Central Asia,Upper middle income,Ankara,39.7153,32.3606,TUR,2024.0,58.5064507300342,,,,,,,,,,
Tuvalu,,East Asia & Pacific,Upper middle income,Funafuti,-8.6314877,179.089567,,,,,,,,,,,,,
Tanzania,,Sub-Saharan Africa ,Lower middle income,Dodoma,-6.17486,35.7382,TZA,2024.0,3.05694676312373,,,,,,,,,,
Uganda,,Sub-Saharan Africa ,Low income,Kampala,0.314269,32.5729,UGA,2024.0,3.32338033691819,,,,,,,,,,
Ukraine,,Europe & Central Asia,Upper middle income,Kiev,50.4536,30.5038,UKR,2024.0,6.50198464669254,,,,,,,,,,
Uruguay,,Latin America & Caribbean ,High income,Montevideo,-34.8941,-56.0675,URY,2024.0,4.84914366613156,,,,,,,,,,
United States,,North America,High income,Washington D.C.,38.8895,-77.032,USA,2024.0,2.94952520485207,74.3,35.2,68.5,70.2,100.0,3.65,,,1603.0,150.0
Uzbekistan,,Europe & Central Asia,Lower middle income,Tashkent,41.3052,69.269,UZB,2024.0,9.62825465956682,,,,,,0.4,,,,
St. Vincent and the Grenadines,,Latin America & Caribbean ,Upper middle income,Kingstown,13.2035,-61.2653,VCT,2024.0,3.62770736940927,,,,,,,,,,
"Venezuela, RB",,Latin America & Caribbean ,Lower middle income,Caracas,9.08165,-69.8371,,,,,,,,,,,,,
British Virgin Islands,,Latin America & Caribbean ,High income,Road Town,18.431389,-64.623056,,,,,,,,,,,,,
Virgin Islands (U.S.),,Latin America & Caribbean ,High income,Charlotte Amalie,18.3358,-64.8963,,,,,,,,,,,,,
Viet Nam,,East Asia & Pacific,Upper middle income,Hanoi,21.0069,105.825,VNM,2024.0,3.62109273885844,,,,,,,,,,
Vanuatu,,East Asia & Pacific,Lower middle income,Port-Vila,-17.7404,168.321,VUT,2024.0,1.14348948727412,,,,,,,,,,
Samoa,,East Asia & Pacific,Upper middle income,Apia,-13.8314,-171.752,WSM,2024.0,2.17245530514377,,,,,,,,,,
Kosovo,,Europe & Central Asia,Upper middle income,Pristina,42.565,20.926,XKX,2024.0,1.61944994559476,,,,,,,,,,
"Yemen, Rep.",,"Middle East, North Africa, Afghanistan & Pakistan",Low income,Sana'a,15.352,44.2075,,,,,,,,,,,,,
South Africa,,Sub-Saharan Africa ,Upper middle income,Pretoria,-25.746,28.1871,ZAF,2024.0,4.36115246518962,50.2,15.2,48.5,49.3,65.8,1.78,2.68,48.5,320.0,60.0
Zambia,,Sub-Saharan Africa ,Lower middle income,Lusaka,-15.3982,28.2937,ZMB,2024.0,14.9856262747939,,,,,,,,,,
Zimbabwe,,Sub-Saharan Africa ,Lower middle income,Harare,-17.8312,31.0672,ZWE,2022.0,104.705170628667,,,,,,,,,,
